{
  "siteName": "MakeMyDraft",
  "tagline": "One Platform for All Your Legal Drafting Needs",
  "hero": {
    "title": "Your Legal Needs, Perfectly Drafted",
    "subtitle": "Professional, customized legal drafts delivered fast. Human drafters \u2014 no AI templates.",
    "cta": "Get Your Draft"
  },
  "services": [
    {
      "title": "Agreements & Contracts",
      "desc": "Partnerships, JV, NDA, SaaS, Employment, Real Estate, Banking & more."
    },
    {
      "title": "Court Drafts",
      "desc": "Plaints, Writs, Appeals, Bail, Quashing, SLPs \u2014 District Courts to Supreme Court."
    },
    {
      "title": "Arbitration",
      "desc": "Statements of Claim/Defence, Sec 9 applications, Awards, Enforcement."
    },
    {
      "title": "Family Law",
      "desc": "Divorce, Custody, Maintenance, Adoption, Protection Orders."
    },
    {
      "title": "Wills & Trusts",
      "desc": "Wills, Trust deeds, Testamentary trusts, International wills."
    },
    {
      "title": "Legal Notices",
      "desc": "Cheque bounce, Termination, IP infringement, Consumer & Employment notices."
    }
  ],
  "contact": {
    "address": "Office No: 111-112, 1st Floor, Rishal Complex, Shiva Market, Pitampura, New Delhi - 110034",
    "phone": [
      "9990026028",
      "9891056969"
    ],
    "email": "pankaj.md.pragmatic@gmail.com"
  }
}